{
  "project_info": {
    "project_number": "1077624560798",
    "project_id": "veterinaria-7b3fd",
    "storage_bucket": "veterinaria-7b3fd.firebasestorage.app"
  },
  "client": [
    {
      "client_info": {
        "mobilesdk_app_id": "1:1077624560798:android:52d6befe48d58a14ecaf8f",
        "android_client_info": {
          "package_name": "com.example.vetmanager"
        }
      },
      "oauth_client": [],
      "api_key": [
        {
          "current_key": "AIzaSyC4DpvnYyEngTOMmdPYgu9U74EbrXT3Rs0"
        }
      ],
      "services": {
        "appinvite_service": {
          "other_platform_oauth_client": []
        }
      }
    }
  ],
  "configuration_version": "1"
}